{
  "AlphaGenome": 0.23756303101520065,
  "Borzoi": 0.27559037259585517,
  "Enformer": 0.23483369452108535,
  "Evo 2": 0.03449698150785187,
  "lentiMPRA": -0.025857919446786982
}